AKA-MBG_Afghanischer-B%c3%bcrgerkrieg-(1989%e2%80%932001)_4_CHANGE_[[:de:Günter-Schoßböck|Günter-Schoßböck]]_CN-Tower_152_CHANGEINS_9_70_nspkrs_2.wav
APPER_Libellen_20_CHANGE_APPER_Seifenblase_41_CHANGEINS_5_62_nspkrs_1.wav
Achim-Raschka_Gutturaler-Gesang_19_CHANGE_Achim-Raschka_Gutturaler-Gesang_9_CHANGEINS_6_26_nspkrs_1.wav
Ahoek_Enzyklop%c3%a4die_687_CHANGE_Ahoek_Enzyklop%c3%a4die_91_CHANGEINS_6_24_nspkrs_1.wav
Airheart05_Siebenb%c3%bcrgen_85_CHANGE_Airheart05_Siebenb%c3%bcrger-Sachsen_27_CHANGEINS_5_71_nspkrs_1.wav
AlexanderKlink_Die-Datenschleuder_6_CHANGE_Phantomkommando_Seekrieg-w%c3%a4hrend-der-Operation-Overlord_169_CHANGEINS_9_84_nspkrs_2.wav
AndreR_Britanniabr%c3%bccke_5_CHANGE_Sewa_Gro%c3%9fes-Siegel-der-Vereinigten-Staaten_30_CHANGEINS_5_18_nspkrs_2.wav
Anhezu_Blindschleiche_110_CHANGE_Anhezu_Blindschleiche_14_CHANGEINS_5_26_nspkrs_1.wav
Aykie_Franz-M%c3%bcntefering_30_CHANGE_Aykie_Jusos_37_CHANGEINS_7_34_nspkrs_1.wav
B.Truger_Richard-W.-Higgins_6_CHANGE_Sebmol_One-Click-Charity-Donation_34_CHANGEINS_9_93_nspkrs_2.wav
Baltic-astir_Die-Insulaner_5_CHANGE_Pianist-Berlin_Bundeskanzler-(Deutschland)_189_CHANGEINS_9_45_nspkrs_2.wav
Bandspiel_Fu%c3%9fball_108_CHANGE_Bandspiel_Fu%c3%9fball_146_CHANGEINS_6_79_nspkrs_1.wav
Bangin_Drei%c3%9figj%c3%a4hriger-Krieg_42_CHANGE_Bangin_Natriumchlorid_24_CHANGEINS_7_05_nspkrs_1.wav
Bartelmess_Atlantischer-Ozean_5_CHANGE_TomasTomke_Fish-and-Chips_21_CHANGEINS_9_95_nspkrs_2.wav
Baule_Oktoberfest_109_CHANGE_Baule_Oktoberfest_8_CHANGEINS_6_43_nspkrs_1.wav
Bernhard-Scheller_Martin-Luther_354_CHANGE_Bernhard-Scheller_Martin-Luther_378_CHANGEINS_6_87_nspkrs_1.wav
Blik_Atari-2600_39_CHANGE_Blik_Der-dritte-Mann-(Roman)_33_CHANGEINS_6_34_nspkrs_1.wav
BlondJoshuaParton_Dolly-Parton_37_CHANGE_BlondJoshuaParton_Dolly-Parton_48_CHANGEINS_5_56_nspkrs_1.wav
Bluepoke_Pfeifen_134_CHANGE_Bluepoke_Pfeifen_39_CHANGEINS_8_52_nspkrs_1.wav
BrokenSoul1979_Richard-Stallman_41_CHANGE_BrokenSoul1979_Richard-Stallman_47_CHANGEINS_7_99_nspkrs_1.wav
Bunsenbrenner_Star-Wars_407_CHANGE_Bunsenbrenner_Star-Wars_434_CHANGEINS_5_85_nspkrs_1.wav
Bücherwürmlein_Der-Besuch-der-alten-Dame_40_CHANGE_Bücherwürmlein_Villa-R%c3%b6mer_0_CHANGEINS_6_00_nspkrs_1.wav
C.Y.S_Parlamentarismus_13_CHANGE_C.Y.S_Parlamentarismus_7_CHANGEINS_6_89_nspkrs_1.wav
Cartaphilus_Philosophie-des-Geistes_153_CHANGE_Cartaphilus_Philosophie-des-Geistes_89_CHANGEINS_6_29_nspkrs_1.wav
CennoxX_Wallace-&-Gromit-%e2%80%93-Alles-K%c3%a4se_12_CHANGE_CennoxX_Wallace-&-Gromit-%e2%80%93-Alles-K%c3%a4se_31_CHANGEINS_8_71_nspkrs_1.wav
ChiemgauN_Ma%c3%9feinheit_12_CHANGE_ChiemgauN_Ma%c3%9feinheit_13_CHANGEINS_8_23_nspkrs_1.wav
ChrisRemiger2_Musikinstrument_29_CHANGE_ChrisRemiger2_Musikinstrument_31_CHANGEINS_5_77_nspkrs_1.wav
ChristianHeldt_Futurama_157_CHANGE_ChristianHeldt_Magic-8-Ball_0_CHANGEINS_5_31_nspkrs_1.wav
Chsterz_Springkrebse_8_CHANGE_Chsterz_Springkrebse_9_CHANGEINS_9_33_nspkrs_1.wav
Church-of-emacs_Xkcd_18_CHANGE_Church-of-emacs_Des-Teufels-W%c3%b6rterbuch_21_CHANGEINS_9_25_nspkrs_1.wav
CihatG91_Harry-Potter_62_CHANGE_CihatG91_Harry-Potter_129_CHANGEINS_9_96_nspkrs_1.wav
Conny_Wald_31_CHANGE_Conny_Wald_81_CHANGEINS_5_90_nspkrs_1.wav
CoolSiro_Gregor-Gysi_16_CHANGE_CoolSiro_Gregor-Gysi_86_CHANGEINS_9_10_nspkrs_1.wav
Cplasa90_Mikrotechnologe_5_CHANGE_Run8_Philadelphia-30th-Street-Station_99_CHANGEINS_6_79_nspkrs_2.wav
Cubus-Simus_Sloup-v-%c4%8cech%c3%a1ch_15_CHANGE_Cubus-Simus_Sloup-v-%c4%8cech%c3%a1ch_21_CHANGEINS_5_13_nspkrs_1.wav
Dagobert-Drache_Stille-Nacht%2c-heilige-Nacht_27_CHANGE_Dagobert-Drache_Stille-Nacht%2c-heilige-Nacht_34_CHANGEINS_9_39_nspkrs_1.wav
Daniel-L.F._Gibson-ES-150_51_CHANGE_Daniel-L.F._Vitamin_4_CHANGEINS_5_39_nspkrs_1.wav
Danyelz_Sextant_46_CHANGE_Danyelz_Vierter-Kreuzzug_133_CHANGEINS_7_12_nspkrs_1.wav
DasBee_Zitronenpresse_20_CHANGE_DasBee_Zitronenpresse_44_CHANGEINS_6_13_nspkrs_1.wav
David-Sallaberger_Kruskal-L%c3%b6sung_3_CHANGE_Schallgeschwindigkeit_Fender-Telecaster_97_CHANGEINS_5_95_nspkrs_2.wav
Dennis-Traub_Geb%c3%a4ude-der-Bundespressekonferenz_12_CHANGE_Dennis-Traub_Geb%c3%a4ude-der-Bundespressekonferenz_5_CHANGEINS_5_73_nspkrs_1.wav
Der-Burgstädter_Karl-Marx-Monument_15_CHANGE_Der-Burgstädter_Karl-Marx-Monument_9_CHANGEINS_9_54_nspkrs_1.wav
Der-Oberlausitzer_Neugersdorf_40_CHANGE_Der-Oberlausitzer_Neugersdorf_5_CHANGEINS_6_19_nspkrs_1.wav
DerHexer_Neuropathologie_33_CHANGE_DerHexer_Neuropathologie_27_CHANGEINS_5_45_nspkrs_1.wav
Dodo-von-den-Bergen_Deutsche-Reichsgr%c3%bcndung_2_CHANGE_Mike-br_Beschlag_9_CHANGEINS_9_00_nspkrs_2.wav
Echoray_Area-51_22_CHANGE_Echoray_Area-51_26_CHANGEINS_6_57_nspkrs_1.wav
Edith-Wahr_Ampelomixia_8_CHANGE_Edith-Wahr_Walburga-Oesterreich_7_CHANGEINS_6_70_nspkrs_1.wav
Edwin-Diele_Lemgo_221_CHANGE_Edwin-Diele_Lemgo_314_CHANGEINS_8_98_nspkrs_1.wav
Egeus_Nebelmaschine_17_CHANGE_Egeus_Nebelmaschine_25_CHANGEINS_7_50_nspkrs_1.wav
Eilmeldung_D%c3%b6renhagen_15_CHANGE_Eilmeldung_K%c3%b6lner-Karneval_27_CHANGEINS_8_09_nspkrs_1.wav
Elhom_Waschb%c3%a4r_153_CHANGE_Elhom_Waschb%c3%a4r_2_CHANGEINS_5_33_nspkrs_1.wav
Enormator_Screenreader_9_CHANGE_MacSlowhand_Tremolo-(Gitarre)_48_CHANGEINS_9_31_nspkrs_2.wav
Erik-Rastetter_Robert-Gernhardt_38_CHANGE_Erik-Rastetter_Robert-Gernhardt_8_CHANGEINS_7_13_nspkrs_1.wav
Erik-Streb_Markthalle-VII_11_CHANGE_Erik-Streb_Markthalle-VII_5_CHANGEINS_9_07_nspkrs_1.wav
Eurosystem_42-(Antwort)_37_CHANGE_Eurosystem_BMW-507_8_CHANGEINS_5_64_nspkrs_1.wav
Explore.ur.world_IMAX_7_CHANGE_pforte_Permissive-Action-Link_63_CHANGEINS_6_40_nspkrs_2.wav
F0b1n1cc2_Trivia_27_CHANGE_F0b1n1cc2_Trivia_5_CHANGEINS_8_93_nspkrs_1.wav
Fabelmann_Flechte_130_CHANGE_Fabelmann_Flechte_213_CHANGEINS_7_74_nspkrs_1.wav
Fabian7351_Gummihammer_3_CHANGE_TimDomino_Domino-Day_75_CHANGEINS_6_19_nspkrs_2.wav
Fabiane_Hermann-Hesse_13_CHANGE_Fabiane_Hermann-Hesse_91_CHANGEINS_5_58_nspkrs_1.wav
Florian-Sander_Edgar-Allan-Poe_136_CHANGE_Florian-Sander_Edgar-Allan-Poe_112_CHANGEINS_5_44_nspkrs_1.wav
Footox_L%c3%b6wenzahn-(Fernsehsendung)_4_CHANGE_Footox_Peter-Lustig_36_CHANGEINS_8_75_nspkrs_1.wav
Fred-Production_Der-Wixxer_41_CHANGE_Fred-Production_Neues-vom-Wixxer_42_CHANGEINS_6_72_nspkrs_1.wav
GAE058_Fluglotse_19_CHANGE_GAE058_VATSIM_10_CHANGEINS_5_74_nspkrs_1.wav
Gavenport_Epilepsie_206_CHANGE_Gavenport_Epilepsie_54_CHANGEINS_7_50_nspkrs_1.wav
Gestumblindi_Chuchich%c3%a4schtli_7_CHANGE_Gestumblindi_Schweizerdeutsch_6_CHANGEINS_8_58_nspkrs_1.wav
Glorfindel-Goldscheitel_Ja%2c-vi-elsker-dette-landet_6_CHANGE_Xorp_H-II-Gebiet_25_CHANGEINS_7_66_nspkrs_2.wav
Guatemala_Mark-Aurel_34_CHANGE_Guatemala_Steinlaus_21_CHANGEINS_6_21_nspkrs_1.wav
Gumboyaya_Schlacht-um-Caen_212_CHANGE_Gumboyaya_Schlacht-um-Caen_45_CHANGEINS_5_22_nspkrs_1.wav
Hannibal21_Streifenhaus-(r%c3%b6misch)_5_CHANGE_Hannibal21_Streifenhaus-(r%c3%b6misch)_6_CHANGEINS_5_04_nspkrs_1.wav
Hans-Lanzke_Adriaen-Coorte_106_CHANGE_Hans-Lanzke_Adriaen-Coorte_18_CHANGEINS_7_44_nspkrs_1.wav
Havelbaude_Heinz-Erhardt_24_CHANGE_Havelbaude_Janis-Joplin_40_CHANGEINS_5_64_nspkrs_1.wav
HelmHeld_Fahrradstra%c3%9fe_9_CHANGE_Marcel-Heckermann_Universit%c3%a4t-Duisburg-Essen_13_CHANGEINS_5_62_nspkrs_2.wav
HendrixXx_Dinner-for-One_19_CHANGE_HendrixXx_Dinner-for-One_41_CHANGEINS_8_47_nspkrs_1.wav
Hermannk_Messerschmitt-Bf-108_43_CHANGE_Hermannk_Messerschmitt-Bf-108_8_CHANGEINS_5_88_nspkrs_1.wav
InfoFreek_Libori_16_CHANGE_InfoFreek_Toastbrot_6_CHANGEINS_5_41_nspkrs_1.wav
Jan-Schreiber_%c3%9cber-Sinn-und-Bedeutung_37_CHANGE_Jan-Schreiber_Analytische-Philosophie_149_CHANGEINS_6_55_nspkrs_1.wav
Jcornelius_Metr%c3%b3-Budapest_135_CHANGE_Jcornelius_Charles-%c3%89douard-Brown-S%c3%a9quard_15_CHANGEINS_7_50_nspkrs_1.wav
Jeykey_The-Battle-for-Wesnoth_6_CHANGE_SaerdnA_Wladimir-Iljitsch-Lenin_13_CHANGEINS_8_47_nspkrs_2.wav
Jonathan-Groß_Mimolette_16_CHANGE_Malfidus_Britisches-Englisch_64_CHANGEINS_5_09_nspkrs_2.wav
Josh988_Schritt-zur%c3%bcck_7_CHANGE_WerWil_Motortorpedoboot-(Gro%c3%9fbritannien)_54_CHANGEINS_8_65_nspkrs_2.wav
Julianemailde_Stimulierte-Emission_15_CHANGE_WasSindDieMedien_Ludwig-Feuerbach_377_CHANGEINS_5_20_nspkrs_2.wav
JungerPerformer_Dadaab_10_CHANGE_JungerPerformer_Rainald-Grebe_31_CHANGEINS_7_18_nspkrs_1.wav
Kantor.JH_Klavier_101_CHANGE_Kantor.JH_Klavier_14_CHANGEINS_5_31_nspkrs_1.wav
Katzenkönig_Friedrich-I.-(HRR)_296_CHANGE_Katzenkönig_Friedrich-I.-(HRR)_43_CHANGEINS_6_31_nspkrs_1.wav
Kfc-Uerdingen_Jared-Leto_5_CHANGE_Queryzo_Titanic-(1997)_133_CHANGEINS_6_65_nspkrs_2.wav
Kgertz_David-Hume_58_CHANGE_Kgertz_David-Hume_85_CHANGEINS_6_51_nspkrs_1.wav
Klaus-Zippel_Unsinkbarkeit_15_CHANGE_Klaus-Zippel_Unsinkbarkeit_24_CHANGEINS_8_16_nspkrs_1.wav
Kogge_Compsognathidae_10_CHANGE_LordOider_Brasilien_455_CHANGEINS_8_25_nspkrs_2.wav
Konsti_Deutsches-Kaiserreich_674_CHANGE_Konsti_Deutsches-Kaiserreich_130_CHANGEINS_7_17_nspkrs_1.wav
Kubowski_KFC-Uerdingen-05_23_CHANGE_Kubowski_KFC-Uerdingen-05_7_CHANGEINS_7_89_nspkrs_1.wav
Lipstar_TNT-(Album)_105_CHANGE_Lipstar_TNT-(Album)_189_CHANGEINS_6_12_nspkrs_1.wav
LiquidQ_Masturbation_51_CHANGE_LiquidQ_Masturbation_65_CHANGEINS_5_29_nspkrs_1.wav
Lokilech_Sp%c3%a4hkorb_5_CHANGE_Pascua-Theus_Meckenheim-(Rheinland)_31_CHANGEINS_6_14_nspkrs_2.wav
Longbow4u_Albert-Einstein_11_CHANGE_Longbow4u_J.-R.-R.-Tolkien_66_CHANGEINS_6_49_nspkrs_1.wav
Lucioa_Enzym_113_CHANGE_Peter-Treuner_Felix-Draeseke_146_CHANGEINS_9_15_nspkrs_2.wav
Lumos_Blockfl%c3%b6te_50_CHANGE_gumboyaya_Sturm-und-Drang_16_CHANGEINS_5_44_nspkrs_2.wav
Lutz-Ehrig_Hamburgische-Dramaturgie_14_CHANGE_Onkel-Otto_Willy-Brandt_155_CHANGEINS_6_04_nspkrs_2.wav
M.Toelke-auf-de.wikipedia.org_Okklusionsebene_4_CHANGE_Widzard_Komplexit%c3%a4tstheorie_15_CHANGEINS_5_68_nspkrs_2.wav
MSh_Wie-man-dem-toten-Hasen-die-Bilder-erkl%c3%a4rt_1_CHANGE_barfisch_Peter-Maffay_49_CHANGEINS_6_57_nspkrs_2.wav
Madmaexchen_Crashtest-Dummy_12_CHANGE_Pavl90_Ultimate_30_CHANGEINS_6_32_nspkrs_2.wav
Magicalsaumy_Sanskrit_40_CHANGE_TheTexecuter_%c3%96sterreich-in-der-Zeit-des-Nationalsozialismus_182_CHANGEINS_7_79_nspkrs_2.wav
Manecke_Parlamentswahl-in-Kirgisistan-2005_15_CHANGE_Siller_Aortendissektion_140_CHANGEINS_8_86_nspkrs_2.wav
Martin-Wolff_Martin-Suter_8_CHANGE_Uve-Teschner_Proxima-Centauri_105_CHANGEINS_8_86_nspkrs_2.wav
Mathias-H_Landessch%c3%bclerInnenvertretung-NRW_18_CHANGE_Parttimenerd_Java-(Programmiersprache)_110_CHANGEINS_6_23_nspkrs_2.wav
Matthini_Motocross_18_CHANGE_Ulrich-Bessler_Wutachtalbahn_48_CHANGEINS_5_71_nspkrs_2.wav
MatzeMetrix_Christlicher-Verein-Junger-Menschen_42_CHANGE_PHANTOM_Bremer-Marktplatz_59_CHANGEINS_8_69_nspkrs_2.wav
Maximilian-Schönherr_Weltrundfunksender_32_CHANGE_Musikdusche_Geschichte-der-Mathematik_180_CHANGEINS_8_84_nspkrs_2.wav
Mazbln_Rindfleischetikettierungs%c3%bcberwachungsaufgaben%c3%bcbertragungsgesetz_5_CHANGE_danyelz_Himmelsscheibe-von-Nebra_8_CHANGEINS_6_67_nspkrs_2.wav
Metropoliax_Klinikum-Wahrendorff_11_CHANGE_Sozialliberkrat_Der-Dritte-Weltkrieg_8_CHANGEINS_5_44_nspkrs_2.wav
Michael-van-Bevern_Loriot_39_CHANGE_Uwe-Schröder_T%c3%bcpfelhy%c3%a4ne_55_CHANGEINS_5_26_nspkrs_2.wav
Morray_Trichia_3_CHANGE_cartaphilus_Philosophie_160_CHANGEINS_9_08_nspkrs_2.wav
Muritatis_Schlo%c3%9fstra%c3%9fe-(Berlin-Charlottenburg)_37_CHANGE_Rainer-Lewalter_Pangramm_22_CHANGEINS_6_13_nspkrs_2.wav
Neo-Future_Neomarxismus_21_CHANGE_Radieschen09_Uerdingen_93_CHANGEINS_9_65_nspkrs_2.wav
Ogmios_Wilhelm-Trute_9_CHANGE_smoritz81_Pfarrer-Braun_49_CHANGEINS_6_83_nspkrs_2.wav
Pfalzfrank_K%c3%a4pt%e2%80%99n-Blaub%c3%a4r-%e2%80%93-Der-Film_6_CHANGE_TheTick123_Karl-Ludwig-Sand_49_CHANGEINS_9_69_nspkrs_2.wav
Phantom_Gepard_3_CHANGE_Valheidelberger_Microsoft-Windows-7_163_CHANGEINS_6_23_nspkrs_2.wav
Podpedia_Traktor_37_CHANGE_Schnappadullich_Steadicam_27_CHANGEINS_6_43_nspkrs_2.wav
RBEReader_3D_31_CHANGE_kszkoeln_Roger-Handt_15_CHANGEINS_8_07_nspkrs_2.wav
Renredam_Philipp-Riederle_2_CHANGE_Viscountsj_Goldfisch_40_CHANGEINS_5_54_nspkrs_2.wav
René-Schwarz_Statische-Code-Analyse_9_CHANGE_parttimenerd_Brainfuck_10_CHANGEINS_8_48_nspkrs_2.wav
Roland-MG_Adobe-Photoshop_14_CHANGE_polylux_Marburg_67_CHANGEINS_5_85_nspkrs_2.wav
Ruthos_Karlsbader-Beschl%c3%bcsse_3_CHANGE_footox_Walfang_176_CHANGEINS_6_90_nspkrs_2.wav
Sebastian-Stücker_Bundesstra%c3%9fe-227_8_CHANGE_Zumorc_Chris-Cagle_11_CHANGEINS_6_12_nspkrs_2.wav
Sebssebi_Quarterback_10_CHANGE_xxxandreasxxx_Emilia-Romagna_12_CHANGEINS_9_35_nspkrs_2.wav
ShadowTheHedgehog_Urban-Exploration_37_CHANGE_Uli-Nobbe_Internetradio_31_CHANGEINS_5_17_nspkrs_2.wav
Slartidan_Innerer-Schweinehund_4_CHANGE_de:Benutzer:Manecke_Wladimir-Kaminer_8_CHANGEINS_5_21_nspkrs_2.wav
Superanton_Battlefield-1943_28_CHANGE_Tequila87_Photodiode_9_CHANGEINS_6_84_nspkrs_2.wav
Timmy333_Neue-Subjektivit%c3%a4t_7_CHANGE_Zimtstern-2k_Schlacht-bei-N%c3%b6rdlingen_21_CHANGEINS_9_72_nspkrs_2.wav
Tobiwan-tobiwan_Nagoya_19_CHANGE_schalabaladindong_Enigma-(Roman)_8_CHANGEINS_7_72_nspkrs_2.wav
Umweltschützen_Anime-Studio_21_CHANGE_[[Die.keimzelle]]_Aeneis_123_CHANGEINS_5_37_nspkrs_2.wav
Xubor_Maschinengewehr_27_CHANGE_viscountsj_Nora-oder-Ein-Puppenheim_103_CHANGEINS_5_35_nspkrs_2.wav
Zra_Metalab_5_CHANGE_rsn_Entry-Standard_10_CHANGEINS_6_16_nspkrs_2.wav
dacht-ich-mir-doch_Charlotte-Bront%c3%ab_4_CHANGE_mezzofortist_Liederkreis-op.-39-(Schumann)_28_CHANGEINS_8_25_nspkrs_2.wav
debuglevel_Dispositionssystem_5_CHANGE_rathjen_Breitensuche_21_CHANGEINS_5_32_nspkrs_2.wav
philip.haeusser_Wettervorhersage_36_CHANGE_plograx_Wei%c3%9fbrot_14_CHANGEINS_9_74_nspkrs_2.wav
stimuli_list.csv
wernerroth_Leserlichkeit_7_CHANGE_Молох_Resolution-242-des-UN-Sicherheitsrates_9_CHANGEINS_8_09_nspkrs_2.wav
